[{"uri1":"http://purl.obolibrary.org/obo/uberon.owl","uri2":"http://purl.obolibrary.org/obo/uberon.owl","number":4637},{"uri1":"http://purl.obolibrary.org/obo/envo.owl","uri2":"http://purl.obolibrary.org/obo/envo.owl","number":3116},{"uri1":"http://purl.obolibrary.org/obo/chebi.owl","uri2":"http://purl.obolibrary.org/obo/chebi.owl","number":1223},{"uri1":"http://purl.obolibrary.org/obo/foodon.owl","uri2":"http://purl.obolibrary.org/obo/foodon.owl","number":1015},{"uri1":"http://purl.obolibrary.org/obo/pato.owl","uri2":"http://purl.obolibrary.org/obo/pato.owl","number":578},{"uri1":"http://purl.obolibrary.org/obo/ncbitaxon.owl","uri2":"http://purl.obolibrary.org/obo/ncbitaxon.owl","number":304},{"uri1":"http://purl.obolibrary.org/obo/po.owl","uri2":"http://purl.obolibrary.org/obo/po.owl","number":77},{"uri1":"http://purl.obolibrary.org/obo/go.owl","uri2":"http://purl.obolibrary.org/obo/go.owl","number":76},{"uri1":"http://purl.obolibrary.org/obo/obi.owl","uri2":"http://purl.obolibrary.org/obo/obi.owl","number":60},{"uri1":"http://purl.obolibrary.org/obo/envo.owl","uri2":"http://purl.obolibrary.org/obo/pato.owl","number":59},{"uri1":"http://purl.obolibrary.org/obo/iao.owl","uri2":"http://purl.obolibrary.org/obo/iao.owl","number":29},{"uri1":"http://purl.obolibrary.org/obo/bfo.owl","uri2":"http://purl.obolibrary.org/obo/bfo.owl","number":26},{"uri1":"http://purl.obolibrary.org/obo/uberon.owl","uri2":"http://purl.obolibrary.org/obo/foodon.owl","number":22},{"uri1":"http://purl.obolibrary.org/obo/chebi.owl","uri2":"http://purl.obolibrary.org/obo/foodon.owl","number":21},{"uri1":"http://purl.obolibrary.org/obo/envo.owl","uri2":"http://purl.obolibrary.org/obo/bfo.owl","number":20},{"uri1":"http://purl.obolibrary.org/obo/envo.owl","uri2":"http://purl.obolibrary.org/obo/envo#","number":20},{"uri1":"http://purl.obolibrary.org/obo/foodon.owl","uri2":"http://purl.obolibrary.org/obo/envo.owl","number":15},{"uri1":"http://purl.obolibrary.org/obo/obi.owl","uri2":"http://purl.obolibrary.org/obo/bfo.owl","number":12},{"uri1":"http://purl.obolibrary.org/obo/envo.owl","uri2":"http://purl.obolibrary.org/obo/iao.owl","number":11},{"uri1":"http://purl.obolibrary.org/obo/uo.owl","uri2":"http://purl.obolibrary.org/obo/iao.owl","number":10},{"uri1":"http://purl.obolibrary.org/obo/obi.owl","uri2":"http://purl.obolibrary.org/obo/iao.owl","number":9},{"uri1":"http://purl.obolibrary.org/obo/envo#","uri2":"http://www.geneontology.org/formats/oboInOwl#","number":9},{"uri1":"http://purl.obolibrary.org/obo/pato.owl","uri2":"http://purl.obolibrary.org/obo/bfo.owl","number":8},{"uri1":"http://purl.obolibrary.org/obo/envo.owl","uri2":"http://purl.obolibrary.org/obo/obi.owl","number":8},{"uri1":"http://purl.obolibrary.org/obo/pco.owl","uri2":"http://purl.obolibrary.org/obo/pco.owl","number":8},{"uri1":"http://purl.obolibrary.org/obo/foodon.owl","uri2":"http://purl.obolibrary.org/obo/uberon.owl","number":5},{"uri1":"http://purl.obolibrary.org/obo/envo.owl","uri2":"http://orcid.org/","number":4},{"uri1":"http://purl.obolibrary.org/obo/ncbitaxon.owl","uri2":"http://purl.obolibrary.org/obo/obi.owl","number":4},{"uri1":"http://purl.obolibrary.org/obo/foodon.owl","uri2":"http://www.geneontology.org/formats/oboInOwl#","number":4},{"uri1":"http://purl.obolibrary.org/obo/chebi.owl","uri2":"http://purl.obolibrary.org/obo/bfo.owl","number":3},{"uri1":"http://purl.obolibrary.org/obo/foodon.owl","uri2":"http://purl.obolibrary.org/obo/bfo.owl","number":3},{"uri1":"http://purl.obolibrary.org/obo/iao.owl","uri2":"http://purl.obolibrary.org/obo/bfo.owl","number":3},{"uri1":"http://purl.obolibrary.org/obo/uberon.owl","uri2":"http://purl.obolibrary.org/obo/bfo.owl","number":3},{"uri1":"http://purl.obolibrary.org/obo/envo.owl","uri2":"http://purl.obolibrary.org/obo/chebi.owl","number":3},{"uri1":"https://www.wikidata.org/wiki/","uri2":"http://purl.obolibrary.org/obo/envo.owl","number":3},{"uri1":"http://purl.obolibrary.org/obo/po.owl","uri2":"http://purl.obolibrary.org/obo/foodon.owl","number":3},{"uri1":"http://purl.obolibrary.org/obo/envo.owl","uri2":"http://purl.obolibrary.org/obo/go.owl","number":3},{"uri1":"http://purl.obolibrary.org/obo/foodon.owl","uri2":"http://purl.obolibrary.org/obo/po.owl","number":3},{"uri1":"http://purl.obolibrary.org/obo/envo.owl","uri2":"http://purl.obolibrary.org/obo/ro.owl","number":3},{"uri1":"http://purl.obolibrary.org/obo/envo.owl","uri2":"https://en.wikipedia.org/wiki/","number":3},{"uri1":"http://purl.obolibrary.org/obo/go.owl","uri2":"http://purl.obolibrary.org/obo/bfo.owl","number":2},{"uri1":"http://purl.obolibrary.org/obo/pco.owl","uri2":"http://purl.obolibrary.org/obo/bfo.owl","number":2},{"uri1":"http://purl.obolibrary.org/obo/envo.owl","uri2":"http://purl.obolibrary.org/obo/po.owl","number":2},{"uri1":"http://purl.obolibrary.org/obo/envo.owl","uri2":"http://purl.obolibrary.org/obo/uberon.owl","number":2},{"uri1":"http://purl.obolibrary.org/obo/caro.owl","uri2":"http://purl.obolibrary.org/obo/bfo.owl","number":1},{"uri1":"http://purl.obolibrary.org/obo/ncbitaxon.owl","uri2":"http://purl.obolibrary.org/obo/bfo.owl","number":1},{"uri1":"http://purl.obolibrary.org/obo/po.owl","uri2":"http://purl.obolibrary.org/obo/bfo.owl","number":1},{"uri1":"http://purl.obolibrary.org/obo/ro.owl","uri2":"http://purl.obolibrary.org/obo/bfo.owl","number":1},{"uri1":"http://purl.obolibrary.org/obo/caro.owl","uri2":"http://purl.obolibrary.org/obo/caro.owl","number":1},{"uri1":"http://purl.obolibrary.org/obo/foodon.owl","uri2":"http://purl.obolibrary.org/obo/chebi.owl","number":1},{"uri1":"http://purl.obolibrary.org/obo/pco.owl","uri2":"http://purl.obolibrary.org/obo/envo.owl","number":1},{"uri1":"http://purl.obolibrary.org/obo/envo.owl","uri2":"http://purl.obolibrary.org/obo/foodon.owl","number":1},{"uri1":"http://www.geneontology.org/formats/oboInOwl#","uri2":"http://purl.obolibrary.org/obo/iao.owl","number":1},{"uri1":"http://purl.obolibrary.org/obo/envo.owl","uri2":"http://purl.obolibrary.org/obo/ncbitaxon.owl","number":1},{"uri1":"http://purl.obolibrary.org/obo/clo.owl","uri2":"http://purl.obolibrary.org/obo/obi.owl","number":1},{"uri1":"http://purl.obolibrary.org/obo/foodon.owl","uri2":"http://purl.obolibrary.org/obo/pato.owl","number":1},{"uri1":"http://purl.obolibrary.org/obo/caro.owl","uri2":"http://purl.obolibrary.org/obo/pco.owl","number":1},{"uri1":"http://purl.obolibrary.org/obo/fao.owl","uri2":"http://purl.obolibrary.org/obo/uberon.owl","number":1},{"uri1":"https://www.wikidata.org/wiki/","uri2":"https://www.wikidata.org/wiki/","number":1}]