[{"uri":"http://w3id.org/nkos/nkostype#classification_schema","str":"Classification scheme","number":0},{"uri":"http://purl.org/dc/elements/1.1/","str":"DC","number":75},{"uri":"http://purl.org/dc/terms/","str":"DCTERMS","number":0},{"uri":"http://omv.ontoware.org/2005/05/ontology#","str":"OMV","number":0},{"uri":"http://www.isibang.ac.in/ns/mod#","str":"MOD 1","number":0},{"uri":"https://w3id.org/mod","str":"MOD 2","number":0},{"uri":"http://kannel.open.ac.uk/ontology#","str":"DOOR","number":0},{"uri":"http://purl.org/vocommons/voaf#","str":"VOAF","number":0},{"uri":"http://rdfs.org/ns/void#","str":"VOID","number":0},{"uri":"http://biomodels.net/vocab/idot.rdf#","str":"IDOT","number":0},{"uri":"http://purl.org/vocab/vann/","str":"VANN","number":0},{"uri":"http://www.w3.org/ns/dcat#","str":"DCAT","number":0},{"uri":"http://www.w3.org/ns/adms#","str":"ADMS","number":0},{"uri":"http://schema.org/","str":"SCHEMA","number":0},{"uri":"http://xmlns.com/foaf/0.1/","str":"FOAF","number":0},{"uri":"http://usefulinc.com/ns/doap#","str":"DOAP","number":0},{"uri":"http://creativecommons.org/ns#","str":"CC","number":0},{"uri":"http://www.w3.org/ns/prov#","str":"PROV","number":0},{"uri":"http://purl.org/pav/","str":"PAV","number":0},{"uri":"http://www.w3.org/ns/sparql-service-description#","str":"SD","number":0},{"uri":"http://w3id.org/nkos#","str":"NKOS","number":0},{"uri":"http://purl.obolibrary.org/obo/iao.owl","str":"IAO","number":3477}]