[{"uri":"http://purl.obolibrary.org/obo/envo.owl","number":27734},{"uri":"http://purl.obolibrary.org/obo/uberon.owl","number":4691},{"uri":"http://purl.obolibrary.org/obo/chebi.owl","number":1303},{"uri":"http://purl.obolibrary.org/obo/foodon.owl","number":1047},{"uri":"http://purl.obolibrary.org/obo/pato.owl","number":608},{"uri":"http://purl.obolibrary.org/obo/ncbitaxon.owl","number":312},{"uri":"http://purl.obolibrary.org/obo/go.owl","number":92},{"uri":"http://purl.obolibrary.org/obo/po.owl","number":86},{"uri":"http://purl.obolibrary.org/obo/obi.owl","number":81},{"uri":"http://purl.obolibrary.org/obo/iao.owl","number":48},{"uri":"http://purl.obolibrary.org/obo/envo#","number":44},{"uri":"http://www.geneontology.org/formats/oboInOwl#","number":40},{"uri":"http://purl.obolibrary.org/obo/bfo.owl","number":29},{"uri":"http://purl.obolibrary.org/obo/ro.owl","number":24},{"uri":"http://purl.obolibrary.org/obo/pco.owl","number":18},{"uri":"https://www.wikidata.org/wiki/","number":15},{"uri":"http://purl.obolibrary.org/obo/","number":12},{"uri":"http://purl.obolibrary.org/obo/uo.owl","number":10},{"uri":"http://purl.obolibrary.org/obo/caro.owl","number":3},{"uri":"http://purl.obolibrary.org/obo/envo-p/patterns/process_attribute/","number":2},{"uri":"http://purl.org/dc/elements/1.1/","number":2},{"uri":"http://www.w3.org/2000/01/rdf-schema#","number":2},{"uri":"http://geneontology.org/foo/","number":1},{"uri":"http://purl.obolibrary.org/obo/clo.owl","number":1},{"uri":"http://purl.obolibrary.org/obo/fao.owl","number":1},{"uri":"http://www.w3.org/2002/07/owl#","number":1}]