[{"uri":"http://purl.obolibrary.org/obo/envo.owl","number":9979},{"uri":"http://purl.obolibrary.org/obo/uberon.owl","number":4708},{"uri":"http://purl.obolibrary.org/obo/chebi.owl","number":1573},{"uri":"http://purl.obolibrary.org/obo/foodon.owl","number":1064},{"uri":"http://purl.obolibrary.org/obo/pato.owl","number":1058},{"uri":"http://purl.obolibrary.org/obo/bfo.owl","number":1041},{"uri":"http://purl.obolibrary.org/obo/ncbitaxon.owl","number":363},{"uri":"http://purl.obolibrary.org/obo/po.owl","number":100},{"uri":"http://purl.obolibrary.org/obo/envo#","number":97},{"uri":"http://purl.obolibrary.org/obo/go.owl","number":88},{"uri":"http://purl.obolibrary.org/obo/obi.owl","number":77},{"uri":"http://purl.obolibrary.org/obo/pco.owl","number":33},{"uri":"https://en.wikipedia.org/wiki/","number":17},{"uri":"https://www.wikidata.org/wiki/","number":5},{"uri":"http://orcid.org/","number":4},{"uri":"http://purl.obolibrary.org/obo/fao.owl","number":4},{"uri":"http://purl.obolibrary.org/obo/caro.owl","number":3},{"uri":"https://en.wikipedia.org/wiki/Peat#","number":1},{"uri":"https://github.com/EnvironmentOntology/envo/issues/","number":1}]