[{"uri":"http://purl.obolibrary.org/obo/envo/imports/uberon_import.owl"},{"uri":"http://purl.obolibrary.org/obo/envo/imports/ro_import.owl"},{"uri":"http://purl.obolibrary.org/obo/envo/imports/po_import.owl"},{"uri":"http://purl.obolibrary.org/obo/envo/imports/pco_import.owl"},{"uri":"http://purl.obolibrary.org/obo/envo/imports/pato_import.owl"},{"uri":"http://purl.obolibrary.org/obo/envo/imports/obi_import.owl"},{"uri":"http://purl.obolibrary.org/obo/envo/imports/ncbitaxon_import.owl"},{"uri":"http://purl.obolibrary.org/obo/envo/imports/iao_import.owl"},{"uri":"http://purl.obolibrary.org/obo/envo/imports/go_import.owl"},{"uri":"http://purl.obolibrary.org/obo/envo/imports/foodon_import.owl"},{"uri":"http://purl.obolibrary.org/obo/envo/imports/fao_import.owl"},{"uri":"http://purl.obolibrary.org/obo/envo/imports/chebi_import.owl"},{"uri":"http://purl.obolibrary.org/obo/envo/imports/bfo_import.owl"}]