[{"uri1":"http://www.geneontology.org/formats/oboInOwl#","uri2":"http://www.w3.org/2002/07/owl#AnnotationProperty","number":24},{"uri1":"http://purl.obolibrary.org/obo/ro.owl","uri2":"http://www.w3.org/2002/07/owl#ObjectProperty","number":16},{"uri1":"http://purl.obolibrary.org/obo/envo#","uri2":"http://www.w3.org/2002/07/owl#AnnotationProperty","number":10},{"uri1":"http://purl.obolibrary.org/obo/envo.owl","uri2":"http://www.w3.org/2002/07/owl#ObjectProperty","number":7},{"uri1":"http://purl.obolibrary.org/obo/iao.owl","uri2":"http://www.w3.org/2002/07/owl#AnnotationProperty","number":3},{"uri1":"http://purl.obolibrary.org/obo/envo-p/patterns/process_attribute/","uri2":"http://www.w3.org/2002/07/owl#AnnotationProperty","number":2},{"uri1":"http://purl.org/dc/elements/1.1/","uri2":"http://www.w3.org/2002/07/owl#AnnotationProperty","number":2},{"uri1":"http://www.w3.org/2000/01/rdf-schema#","uri2":"http://www.w3.org/2002/07/owl#AnnotationProperty","number":2},{"uri1":"http://purl.obolibrary.org/obo/bfo.owl","uri2":"http://www.w3.org/2002/07/owl#ObjectProperty","number":2},{"uri1":"http://purl.obolibrary.org/obo/envo#","uri2":"http://www.w3.org/2002/07/owl#ObjectProperty","number":2},{"uri1":"http://geneontology.org/foo/","uri2":"http://www.w3.org/2002/07/owl#AnnotationProperty","number":1},{"uri1":"http://www.w3.org/2002/07/owl#","uri2":"http://www.w3.org/2002/07/owl#AnnotationProperty","number":1},{"uri1":"http://purl.obolibrary.org/obo/envo#","uri2":"http://www.w3.org/2002/07/owl#InverseFunctionalProperty","number":1}]