[{"uri1":"http://purl.obolibrary.org/obo/envo.owl","uri2":"http://www.w3.org/2002/07/owl#Class","number":3285},{"uri1":"http://purl.obolibrary.org/obo/chebi.owl","uri2":"http://www.w3.org/2002/07/owl#Class","number":55},{"uri1":"http://purl.obolibrary.org/obo/pato.owl","uri2":"http://www.w3.org/2002/07/owl#Class","number":21},{"uri1":"http://purl.obolibrary.org/obo/po.owl","uri2":"http://www.w3.org/2002/07/owl#Class","number":4},{"uri1":"http://purl.obolibrary.org/obo/ncbitaxon.owl","uri2":"http://www.w3.org/2002/07/owl#Class","number":3},{"uri1":"http://purl.obolibrary.org/obo/go.owl","uri2":"http://www.w3.org/2002/07/owl#Class","number":1},{"uri1":"http://purl.obolibrary.org/obo/pco.owl","uri2":"http://www.w3.org/2002/07/owl#Class","number":1}]