[{"uri1":"http://purl.obolibrary.org/obo/envo.owl","uri2":"http://www.w3.org/1999/02/22-rdf-syntax-ns#","uri3":"http://www.w3.org/2002/07/owl#","number":3326},{"uri1":"http://purl.obolibrary.org/obo/envo.owl","uri2":"http://www.w3.org/2000/01/rdf-schema#","uri3":"http://purl.obolibrary.org/obo/envo.owl","number":3031},{"uri1":"http://purl.obolibrary.org/obo/envo.owl","uri2":"http://www.w3.org/2000/01/rdf-schema#","uri3":"http://www.w3.org/2002/07/owl#","number":425},{"uri1":"http://purl.obolibrary.org/obo/envo.owl","uri2":"http://www.w3.org/2000/01/rdf-schema#","uri3":"http://purl.obolibrary.org/obo/pato.owl","number":59},{"uri1":"http://purl.obolibrary.org/obo/envo.owl","uri2":"http://www.w3.org/1999/02/22-rdf-syntax-ns#","uri3":"http://purl.obolibrary.org/obo/envo.owl","number":34},{"uri1":"http://purl.obolibrary.org/obo/envo.owl","uri2":"http://purl.obolibrary.org/obo/bfo.owl","uri3":"http://purl.obolibrary.org/obo/envo.owl","number":32},{"uri1":"http://purl.obolibrary.org/obo/envo.owl","uri2":"http://www.w3.org/2000/01/rdf-schema#","uri3":"http://purl.obolibrary.org/obo/bfo.owl","number":20},{"uri1":"http://purl.obolibrary.org/obo/envo.owl","uri2":"http://www.geneontology.org/formats/oboInOwl#","uri3":"http://purl.obolibrary.org/obo/envo#","number":20},{"uri1":"http://purl.obolibrary.org/obo/envo.owl","uri2":"http://www.w3.org/2002/07/owl#","uri3":"http://purl.obolibrary.org/obo/envo.owl","number":17},{"uri1":"http://purl.obolibrary.org/obo/foodon.owl","uri2":"http://www.w3.org/2000/01/rdf-schema#","uri3":"http://purl.obolibrary.org/obo/envo.owl","number":15},{"uri1":"http://purl.obolibrary.org/obo/envo.owl","uri2":"http://purl.obolibrary.org/obo/iao.owl","uri3":"http://purl.obolibrary.org/obo/iao.owl","number":11},{"uri1":"http://purl.obolibrary.org/obo/envo.owl","uri2":"http://www.w3.org/2000/01/rdf-schema#","uri3":"http://purl.obolibrary.org/obo/obi.owl","number":8},{"uri1":"http://purl.obolibrary.org/obo/envo.owl","uri2":"http://purl.org/dc/elements/1.1/","uri3":"http://orcid.org/","number":4},{"uri1":"http://purl.obolibrary.org/obo/envo.owl","uri2":"http://www.w3.org/2000/01/rdf-schema#","uri3":"http://purl.obolibrary.org/obo/chebi.owl","number":3},{"uri1":"https://www.wikidata.org/wiki/","uri2":"http://www.w3.org/1999/02/22-rdf-syntax-ns#","uri3":"http://purl.obolibrary.org/obo/envo.owl","number":3},{"uri1":"http://purl.obolibrary.org/obo/envo.owl","uri2":"http://www.w3.org/2000/01/rdf-schema#","uri3":"http://purl.obolibrary.org/obo/go.owl","number":3},{"uri1":"http://purl.obolibrary.org/obo/envo.owl","uri2":"http://www.w3.org/2000/01/rdf-schema#","uri3":"http://purl.obolibrary.org/obo/ro.owl","number":3},{"uri1":"http://purl.obolibrary.org/obo/envo.owl","uri2":"http://www.geneontology.org/formats/oboInOwl#","uri3":"https://en.wikipedia.org/wiki/","number":3},{"uri1":"http://purl.obolibrary.org/obo/envo.owl","uri2":"http://purl.obolibrary.org/obo/envo#","uri3":"http://purl.obolibrary.org/obo/envo.owl","number":2},{"uri1":"http://purl.obolibrary.org/obo/envo.owl","uri2":"http://www.w3.org/2000/01/rdf-schema#","uri3":"http://purl.obolibrary.org/obo/po.owl","number":2},{"uri1":"http://purl.obolibrary.org/obo/envo.owl","uri2":"http://www.w3.org/2000/01/rdf-schema#","uri3":"http://purl.obolibrary.org/obo/uberon.owl","number":2},{"uri1":"http://purl.obolibrary.org/obo/pco.owl","uri2":"http://www.w3.org/2000/01/rdf-schema#","uri3":"http://purl.obolibrary.org/obo/envo.owl","number":1},{"uri1":"http://purl.obolibrary.org/obo/envo.owl","uri2":"http://www.w3.org/2000/01/rdf-schema#","uri3":"http://purl.obolibrary.org/obo/foodon.owl","number":1},{"uri1":"http://purl.obolibrary.org/obo/envo.owl","uri2":"http://www.w3.org/2000/01/rdf-schema#","uri3":"http://purl.obolibrary.org/obo/ncbitaxon.owl","number":1}]