[{"uri":"http://purl.obolibrary.org/obo/envo.owl#","str":""},{"uri":"http://purl.obolibrary.org/obo/chebi#","str":"chebi"},{"uri":"http://purl.org/dc/elements/1.1/","str":"dc"},{"uri":"http://purl.obolibrary.org/obo/envo#","str":"envo"},{"uri":"http://xmlns.com/foaf/0.1/","str":"foaf"},{"uri":"http://geneontology.org/foo/","str":"foo"},{"uri":"http://purl.obolibrary.org/obo/","str":"obo"},{"uri":"http://www.geneontology.org/formats/oboInOwl#","str":"oboInOwl"},{"uri":"http://www.w3.org/2002/07/owl#","str":"owl"},{"uri":"http://purl.obolibrary.org/obo/envo-p/patterns/process_attribute/","str":"process_attribute"},{"uri":"http://www.w3.org/1999/02/22-rdf-syntax-ns#","str":"rdf"},{"uri":"http://www.w3.org/2000/01/rdf-schema#","str":"rdfs"},{"uri":"http://swrl.stanford.edu/ontologies/3.3/swrla.owl#","str":"swrla"},{"uri":"http://purl.obolibrary.org/obo/ncbitaxon/subsets/taxslim#","str":"taxslim"},{"uri":"http://www.w3.org/2001/XMLSchema#","str":"xsd"}]