[{"uri":"http://www.w3.org/1999/02/22-rdf-syntax-ns#","str":"RDF","number":1291},{"uri":"http://www.w3.org/2000/01/rdf-schema#","str":"RDFS","number":112},{"uri":"http://www.w3.org/2002/07/owl#","str":"OWL","number":12160},{"uri":"http://www.w3.org/2004/02/skos/core#","str":"SKOS","number":0},{"uri":"http://www.w3.org/2008/05/skos-xl#","str":"SKOS-XL","number":0},{"uri":"http://www.geneontology.org/formats/oboInOwl#","str":"OBOINOWL","number":1557},{"uri":"http://purl.obolibrary.org/obo/ro.owl","str":"RO","number":2281}]