[{"uri":"http://purl.obolibrary.org/obo/envo.owl","number":37713},{"uri":"http://purl.obolibrary.org/obo/uberon.owl","number":9399},{"uri":"http://purl.obolibrary.org/obo/chebi.owl","number":2876},{"uri":"http://purl.obolibrary.org/obo/foodon.owl","number":2111},{"uri":"http://purl.obolibrary.org/obo/pato.owl","number":1666},{"uri":"http://purl.obolibrary.org/obo/bfo.owl","number":1103},{"uri":"http://purl.obolibrary.org/obo/ncbitaxon.owl","number":675},{"uri":"http://purl.obolibrary.org/obo/po.owl","number":186},{"uri":"http://purl.obolibrary.org/obo/go.owl","number":180},{"uri":"http://purl.obolibrary.org/obo/obi.owl","number":158},{"uri":"http://purl.obolibrary.org/obo/envo#","number":143},{"uri":"http://purl.obolibrary.org/obo/pco.owl","number":51},{"uri":"http://purl.obolibrary.org/obo/","number":26},{"uri":"https://www.wikidata.org/wiki/","number":20},{"uri":"https://en.wikipedia.org/wiki/","number":17},{"uri":"http://purl.obolibrary.org/obo/uo.owl","number":10},{"uri":"http://purl.obolibrary.org/obo/caro.owl","number":6},{"uri":"http://purl.obolibrary.org/obo/fao.owl","number":5},{"uri":"http://orcid.org/","number":4},{"uri":"http://purl.obolibrary.org/obo/envo-p/patterns/process_attribute/","number":2},{"uri":"http://geneontology.org/foo/","number":1},{"uri":"http://purl.obolibrary.org/obo/clo.owl","number":1},{"uri":"https://en.wikipedia.org/wiki/Peat#","number":1},{"uri":"https://github.com/EnvironmentOntology/envo/issues/","number":1}]