[{"uri1":"http://purl.obolibrary.org/obo/envo.owl","uri2":"http://www.geneontology.org/formats/oboInOwl#","uri3":"http://www.w3.org/2001/XMLSchema#string","number":9748},{"uri1":"http://purl.obolibrary.org/obo/envo.owl","uri2":"http://purl.obolibrary.org/obo/iao.owl","uri3":"http://www.w3.org/2001/XMLSchema#string","number":3440},{"uri1":"http://purl.obolibrary.org/obo/envo.owl","uri2":"http://www.w3.org/2000/01/rdf-schema#","uri3":"http://www.w3.org/2001/XMLSchema#string","number":2898},{"uri1":"http://purl.obolibrary.org/obo/envo.owl","uri2":"http://www.w3.org/2000/01/rdf-schema#","uri3":"http://www.w3.org/1999/02/22-rdf-syntax-ns#langString","number":1194},{"uri1":"http://purl.obolibrary.org/obo/envo.owl","uri2":"http://www.w3.org/2002/07/owl#","uri3":"http://www.w3.org/2001/XMLSchema#boolean","number":427},{"uri1":"http://purl.obolibrary.org/obo/envo.owl","uri2":"http://www.geneontology.org/formats/oboInOwl#","uri3":"http://www.w3.org/2001/XMLSchema#dateTime","number":170},{"uri1":"http://purl.obolibrary.org/obo/envo.owl","uri2":"http://purl.org/dc/elements/1.1/","uri3":"http://www.w3.org/2001/XMLSchema#string","number":62},{"uri1":"http://purl.obolibrary.org/obo/envo.owl","uri2":"http://www.geneontology.org/formats/oboInOwl#","uri3":"http://www.w3.org/1999/02/22-rdf-syntax-ns#langString","number":24},{"uri1":"http://www.geneontology.org/formats/oboInOwl#","uri2":"http://www.w3.org/2000/01/rdf-schema#","uri3":"http://www.w3.org/2001/XMLSchema#string","number":14},{"uri1":"http://purl.obolibrary.org/obo/iao.owl","uri2":"http://www.w3.org/2000/01/rdf-schema#","uri3":"http://www.w3.org/2001/XMLSchema#string","number":13},{"uri1":"http://purl.obolibrary.org/obo/envo#","uri2":"http://www.w3.org/2000/01/rdf-schema#","uri3":"http://www.w3.org/2001/XMLSchema#string","number":12},{"uri1":"http://purl.obolibrary.org/obo/envo.owl","uri2":"http://purl.obolibrary.org/obo/iao.owl","uri3":"http://www.w3.org/1999/02/22-rdf-syntax-ns#langString","number":11},{"uri1":"http://purl.obolibrary.org/obo/go.owl","uri2":"http://www.geneontology.org/formats/oboInOwl#","uri3":"http://www.w3.org/2001/XMLSchema#string","number":8},{"uri1":"http://purl.obolibrary.org/obo/envo#","uri2":"http://www.geneontology.org/formats/oboInOwl#","uri3":"http://www.w3.org/2001/XMLSchema#string","number":6},{"uri1":"http://purl.obolibrary.org/obo/","uri2":"http://www.w3.org/2000/01/rdf-schema#","uri3":"http://www.w3.org/2001/XMLSchema#string","number":6},{"uri1":"http://purl.obolibrary.org/obo/","uri2":"http://purl.org/dc/elements/1.1/","uri3":"http://www.w3.org/2001/XMLSchema#string","number":5},{"uri1":"http://purl.obolibrary.org/obo/ro.owl","uri2":"http://www.w3.org/2000/01/rdf-schema#","uri3":"http://www.w3.org/2001/XMLSchema#string","number":5},{"uri1":"http://purl.obolibrary.org/obo/envo.owl","uri2":"http://purl.org/dc/elements/1.1/","uri3":"http://www.w3.org/2001/XMLSchema#dateTime","number":4},{"uri1":"http://purl.obolibrary.org/obo/uberon.owl","uri2":"http://www.geneontology.org/formats/oboInOwl#","uri3":"http://www.w3.org/2001/XMLSchema#string","number":4},{"uri1":"https://www.wikidata.org/wiki/","uri2":"http://www.w3.org/2000/01/rdf-schema#","uri3":"http://www.w3.org/1999/02/22-rdf-syntax-ns#langString","number":3},{"uri1":"https://www.wikidata.org/wiki/","uri2":"http://purl.obolibrary.org/obo/iao.owl","uri3":"http://www.w3.org/2001/XMLSchema#string","number":3},{"uri1":"http://purl.obolibrary.org/obo/envo#","uri2":"http://www.geneontology.org/formats/oboInOwl#","uri3":"http://www.w3.org/2001/XMLSchema#boolean","number":2},{"uri1":"http://purl.obolibrary.org/obo/envo#","uri2":"http://purl.obolibrary.org/obo/iao.owl","uri3":"http://www.w3.org/2001/XMLSchema#string","number":2},{"uri1":"http://purl.obolibrary.org/obo/pco.owl","uri2":"http://purl.obolibrary.org/obo/iao.owl","uri3":"http://www.w3.org/2001/XMLSchema#string","number":2},{"uri1":"http://purl.obolibrary.org/obo/pco.owl","uri2":"http://www.w3.org/2000/01/rdf-schema#","uri3":"http://www.w3.org/1999/02/22-rdf-syntax-ns#langString","number":1},{"uri1":"http://purl.obolibrary.org/obo/envo.owl","uri2":"http://purl.obolibrary.org/obo/iao.owl","uri3":"http://www.w3.org/2001/XMLSchema#boolean","number":1},{"uri1":"http://purl.obolibrary.org/obo/envo.owl","uri2":"http://www.w3.org/2000/01/rdf-schema#","uri3":"http://www.w3.org/2001/XMLSchema#boolean","number":1},{"uri1":"http://purl.obolibrary.org/obo/ro.owl","uri2":"http://purl.obolibrary.org/obo/iao.owl","uri3":"http://www.w3.org/2001/XMLSchema#string","number":1},{"uri1":"http://purl.obolibrary.org/obo/uberon.owl","uri2":"http://purl.obolibrary.org/obo/iao.owl","uri3":"http://www.w3.org/2001/XMLSchema#string","number":1},{"uri1":"http://purl.obolibrary.org/obo/","uri2":"http://www.geneontology.org/formats/oboInOwl#","uri3":"http://www.w3.org/2001/XMLSchema#string","number":1},{"uri1":"http://purl.obolibrary.org/obo/chebi.owl","uri2":"http://www.geneontology.org/formats/oboInOwl#","uri3":"http://www.w3.org/2001/XMLSchema#string","number":1},{"uri1":"http://purl.obolibrary.org/obo/pco.owl","uri2":"http://www.geneontology.org/formats/oboInOwl#","uri3":"http://www.w3.org/2001/XMLSchema#string","number":1},{"uri1":"https://www.wikidata.org/wiki/","uri2":"http://www.geneontology.org/formats/oboInOwl#","uri3":"http://www.w3.org/2001/XMLSchema#string","number":1},{"uri1":"http://purl.obolibrary.org/obo/go.owl","uri2":"http://www.w3.org/2000/01/rdf-schema#","uri3":"http://www.w3.org/2001/XMLSchema#string","number":1},{"uri1":"http://purl.obolibrary.org/obo/pco.owl","uri2":"http://www.w3.org/2000/01/rdf-schema#","uri3":"http://www.w3.org/2001/XMLSchema#string","number":1},{"uri1":"http://purl.obolibrary.org/obo/uberon.owl","uri2":"http://www.w3.org/2000/01/rdf-schema#","uri3":"http://www.w3.org/2001/XMLSchema#string","number":1}]