[{"uri":"http://www.w3.org/2002/07/owl#","number":93962},{"uri":"http://purl.obolibrary.org/obo/bfo.owl","number":23419},{"uri":"http://www.w3.org/1999/02/22-rdf-syntax-ns#","number":23167},{"uri":"http://purl.obolibrary.org/obo/pato.owl","number":23154},{"uri":"http://purl.obolibrary.org/obo/ro.owl","number":23154},{"uri":"http://purl.obolibrary.org/obo/po.owl","number":23151},{"uri":"http://purl.obolibrary.org/obo/flopo.owl","number":355},{"uri":"http://www.w3.org/2000/01/rdf-schema#","number":3},{"uri":"http://www.w3.org/2001/XMLSchema#","number":3},{"uri":"http://purl.obolibrary.org/obo/pato#","number":1}]