[{"uri":"http://purl.obolibrary.org/obo/flopo.owl#","str":""},{"uri":"http://purl.obolibrary.org/obo/","str":"obo"},{"uri":"http://www.geneontology.org/formats/oboInOwl#","str":"oboInOwl"},{"uri":"http://www.w3.org/2002/07/owl#","str":"owl"},{"uri":"http://purl.obolibrary.org/obo/pato#","str":"pato"},{"uri":"http://purl.obolibrary.org/obo/po#","str":"po"},{"uri":"http://www.w3.org/1999/02/22-rdf-syntax-ns#","str":"rdf"},{"uri":"http://www.w3.org/2000/01/rdf-schema#","str":"rdfs"},{"uri":"http://www.w3.org/2001/XMLSchema#","str":"xsd"}]