[{"uri1":"http://purl.obolibrary.org/obo/flopo.owl","uri2":"http://www.w3.org/1999/02/22-rdf-syntax-ns#","uri3":"http://www.w3.org/2002/07/owl#","number":24200},{"uri1":"http://purl.obolibrary.org/obo/flopo.owl","uri2":"http://www.w3.org/2000/01/rdf-schema#","uri3":"http://purl.obolibrary.org/obo/flopo.owl","number":345},{"uri1":"http://purl.obolibrary.org/obo/bfo.owl","uri2":"http://www.w3.org/1999/02/22-rdf-syntax-ns#","uri3":"http://www.w3.org/2002/07/owl#","number":6},{"uri1":"http://purl.obolibrary.org/obo/flopo.owl","uri2":"http://www.w3.org/2002/07/owl#","uri3":"http://purl.obolibrary.org/obo/flopo.owl","number":1},{"uri1":"http://purl.obolibrary.org/obo/ro.owl","uri2":"http://www.w3.org/1999/02/22-rdf-syntax-ns#","uri3":"http://www.w3.org/2002/07/owl#","number":1}]