[{"uri1":"http://purl.obolibrary.org/obo/bfo.owl","uri2":"http://www.w3.org/2002/07/owl#ObjectProperty","number":2},{"uri1":"http://purl.obolibrary.org/obo/bfo.owl","uri2":"http://www.w3.org/2002/07/owl#ReflexiveProperty","number":2},{"uri1":"http://purl.obolibrary.org/obo/bfo.owl","uri2":"http://www.w3.org/2002/07/owl#TransitiveProperty","number":2},{"uri1":"http://purl.obolibrary.org/obo/flopo.owl","uri2":"http://www.w3.org/2002/07/owl#DatatypeProperty","number":1},{"uri1":"http://purl.obolibrary.org/obo/ro.owl","uri2":"http://www.w3.org/2002/07/owl#ObjectProperty","number":1}]