[{"uri":"http://www.w3.org/2002/07/owl#","number":234483},{"uri":"http://www.w3.org/1999/02/22-rdf-syntax-ns#","number":209787},{"uri":"http://purl.obolibrary.org/obo/flopo.owl","number":73349},{"uri":"http://www.w3.org/2000/01/rdf-schema#","number":24555},{"uri":"http://purl.obolibrary.org/obo/bfo.owl","number":23425},{"uri":"http://purl.obolibrary.org/obo/ro.owl","number":23156},{"uri":"http://purl.obolibrary.org/obo/pato.owl","number":23154},{"uri":"http://purl.obolibrary.org/obo/po.owl","number":23151},{"uri":"http://www.geneontology.org/formats/oboInOwl#","number":60},{"uri":"http://purl.obolibrary.org/obo/iao.owl","number":6},{"uri":"http://www.w3.org/2001/XMLSchema#","number":6},{"uri":"http://purl.obolibrary.org/obo/","number":3},{"uri":"http://purl.obolibrary.org/obo/pato#","number":1}]