[{"uri1":"http://purl.obolibrary.org/obo/flopo.owl","uri2":"http://www.w3.org/2000/01/rdf-schema#","uri3":"http://www.w3.org/2001/XMLSchema#string","number":24077},{"uri1":"http://purl.obolibrary.org/obo/flopo.owl","uri2":"http://www.w3.org/2002/07/owl#","uri3":"http://www.w3.org/2001/XMLSchema#boolean","number":974},{"uri1":"http://purl.obolibrary.org/obo/flopo.owl","uri2":"http://www.w3.org/2000/01/rdf-schema#","uri3":"http://www.w3.org/1999/02/22-rdf-syntax-ns#langString","number":125},{"uri1":"http://purl.obolibrary.org/obo/flopo.owl","uri2":"http://www.w3.org/2002/07/owl#","uri3":"http://www.w3.org/1999/02/22-rdf-syntax-ns#langString","number":46},{"uri1":"http://purl.obolibrary.org/obo/flopo.owl","uri2":"http://www.geneontology.org/formats/oboInOwl#","uri3":"http://www.w3.org/1999/02/22-rdf-syntax-ns#langString","number":42},{"uri1":"http://purl.obolibrary.org/obo/flopo.owl","uri2":"http://www.geneontology.org/formats/oboInOwl#","uri3":"http://www.w3.org/2001/XMLSchema#string","number":18},{"uri1":"http://purl.obolibrary.org/obo/flopo.owl","uri2":"http://www.w3.org/2002/07/owl#","uri3":"http://www.w3.org/2001/XMLSchema#string","number":10},{"uri1":"http://purl.obolibrary.org/obo/flopo.owl","uri2":"http://purl.obolibrary.org/obo/iao.owl","uri3":"http://www.w3.org/2001/XMLSchema#string","number":6},{"uri1":"http://www.w3.org/2002/07/owl#","uri2":"http://www.w3.org/2002/07/owl#","uri3":"http://www.w3.org/2001/XMLSchema#boolean","number":1},{"uri1":"http://purl.obolibrary.org/obo/ro.owl","uri2":"http://www.w3.org/2000/01/rdf-schema#","uri3":"http://www.w3.org/2001/XMLSchema#string","number":1}]