[{"uri1":"http://lod.nal.usda.gov/nalt/","uri2":"http://www.w3.org/2004/02/skos/core#","uri3":"http://lod.nal.usda.gov/nalt/","number":189454},{"uri1":"http://lod.nal.usda.gov/nalt/","uri2":"http://www.w3.org/1999/02/22-rdf-syntax-ns#","uri3":"http://www.w3.org/2004/02/skos/core#","number":72073},{"uri1":"http://lod.nal.usda.gov/nalt//","uri2":"http://www.w3.org/2004/02/skos/core#","uri3":"http://lod.nal.usda.gov/nalt/","number":17},{"uri1":"http://lod.nal.usda.gov/nalt//","uri2":"http://www.w3.org/1999/02/22-rdf-syntax-ns#","uri3":"http://www.w3.org/2004/02/skos/core#","number":17}]